time_s,displacement_m,displacement_mm,breathing_signal_m,heart_signal_m
0.0,6.751783639679876e-05,0.06751783639679876,-2.4955388584653588e-05,6.144461521483032e-05
0.05000000000000001,-2.518118631281755e-05,-0.025181186312817547,-2.2383377064771166e-05,0.0001471308500452409
0.10000000000000002,9.866826938197704e-05,0.09866826938197704,-2.164773679372248e-05,0.00021098259128988256
0.15000000000000002,0.00022555534118396737,0.22555534118396736,-2.2674223426923335e-05,0.00023851189407738099
0.20000000000000004,0.0003414896024104433,0.3414896024104433,-2.5317643502031638e-05,0.00022314094824203094
0.25000000000000006,0.0004246577030526322,0.42465770305263223,-2.9369305855476125e-05,0.00016755382870175696
0.30000000000000004,-3.547010538951439e-05,-0.03547010538951439,-3.456665449861667e-05,8.286775051143562e-05
0.3500000000000001,-0.00016783099600399884,-0.16783099600399884,-4.060470103463595e-05,-1.4064589724812673e-05
0.4000000000000001,-0.00014369444606345452,-0.14369444606345452,-4.714881546138491e-05,-0.00010450003184605022
0.45000000000000007,-0.00011069029971036292,-0.11069029971036291,-5.384839119934916e-05,-0.00017187253554655442
0.5000000000000001,-0.00010416158398745129,-0.10416158398745129,-6.035087477549733e-05,-0.00020518205217755298
0.55,-0.00015998396984492864,-0.15998396984492863,-6.631564352184531e-05,-0.00020101766888868855
0.6000000000000001,-0.000190281753011012,-0.190281753011012,-7.142722600047473e-05,-0.00016386204220074645
0.6500000000000001,-0.00020778214000374454,-0.20778214000374454,-7.540738908381625e-05,-0.00010469687621876809
0.7000000000000002,-0.00015637831493831388,-0.1563783149383139,-7.802566151479426e-05,-3.826899364615159e-05
0.7500000000000001,-3.906800911762392e-05,-0.03906800911762392,-7.910792458171296e-05,2.036934523563922e-05
0.8000000000000002,-8.16743313796654e-05,-0.0816743313796654,-7.854277399060655e-05,5.9297238143949464e-05
0.8500000000000002,-0.00014286660624632887,-0.14286660624632885,-7.628544039718762e-05,7.239240008304458e-05
0.9000000000000001,-0.00022551324271894276,-0.22551324271894277,-7.23591463346843e-05,6.06254384558762e-05
0.9500000000000002,-0.0002520637780404224,-0.2520637780404224,-6.685387118434281e-05,3.1649848992458924e-05
1.0000000000000002,-0.00029366053344303416,-0.29366053344303417,-5.992259001853444e-05,-2.277743038981104e-06
1.0500000000000003,-0.000288819267276233,-0.28881926727623297,-5.177514325270571e-05,-2.761612092043623e-05
1.1,-0.00020691445460868792,-0.20691445460868793,-4.266997885450859e-05,-3.332587742889401e-05
1.1500000000000001,-0.00019050726537886742,-0.19050726537886742,-3.29040844039287e-05,-1.4164477768716366e-05
1.2000000000000002,-4.077398187205566e-05,-0.04077398187205566,-2.280148995297683e-05,2.7429752713162746e-05
1.2500000000000002,-0.00011372818129201465,-0.11372818129201465,-1.2700772212172757e-05,8.14904468734982e-05
1.3000000000000003,-0.00011699835907437206,-0.11699835907437206,-2.9420244214728688e-06,0.00013283411134289733
1.3500000000000003,-1.162270569637593e-05,-0.01162270569637593,6.146226757614542e-06,0.0001650522449427213
1.4000000000000004,6.438499665849419e-05,0.06438499665849419,1.4259676362824304e-05,0.00016518118669613983
1.4500000000000002,8.455113760983975e-05,0.08455113760983975,2.1130004899937514e-05,0.00012775928006920838
1.5000000000000002,0.00012237804130645088,0.12237804130645089,2.653532149576958e-05,5.704917697975894e-05
1.5500000000000003,0.00010050738071808097,0.10050738071808096,3.0308906461860368e-05,-3.335617310563214e-05
1.6000000000000003,-6.813451226664389e-07,-0.0006813451226664389,3.234593593336344e-05,-0.00012361139077062067
1.6500000000000004,-9.960010157434114e-05,-0.09960010157434114,3.26079449292266e-05,-0.00019265747556171893
1.7000000000000004,-0.0001654312559061998,-0.1654312559061998,3.1124867222886136e-05,-0.0002238710078304356
1.7500000000000002,-0.00013991304488091975,-0.13991304488091977,2.799457785446127e-05,-0.00020971575445890035
1.8000000000000003,-0.00012891047655166853,-0.1289104765516685,2.3379953818705778e-05,-0.0001540060412272537
1.8500000000000003,-4.5462694489081355e-05,-0.04546269448908136,1.7503557228523796e-05,-7.104325474413664e-05
1.9000000000000004,0.0001036141324213942,0.10361413242139421,1.064012993406251e-05,1.820787009920951e-05
1.9500000000000004,0.00021159086317235095,0.21159086317235096,3.1071661874099503e-06,9.184947817358407e-05
2.0000000000000004,0.0002062829413917741,0.20628294139177408,-4.746102234519861e-06,0.00013304252855693183
2.0500000000000003,0.00010279112550984427,0.10279112550984427,-1.2550918356242028e-05,0.00013451399728793987
2.1000000000000005,2.6966280095887326e-05,0.026966280095887325,-1.993197806020498e-05,0.00010026401721716719
2.1500000000000004,-6.182746393383603e-05,-0.06182746393383603,-2.6520715984987787e-05,4.3995781523915077e-05
2.2,-0.00018631558770736722,-0.18631558770736723,-3.196843151075517e-05,-1.5221551485677012e-05
2.2500000000000004,-0.00025112285562202283,-0.25112285562202286,-3.5958793780429825e-05,-5.871848416947564e-05
2.3000000000000003,-0.00021700370280251433,-0.21700370280251433,-3.821928765349536e-05,-7.367118939855572e-05
2.3500000000000005,-0.00010099252213351286,-0.10099252213351285,-3.8531200786818976e-05,-5.661427184220858e-05
2.4000000000000004,-2.0223673686536362e-05,-0.020223673686536364,-3.673780424868074e-05,-1.403629906419657e-05
2.4500000000000006,-0.00011653315260652117,-0.11653315260652117,-3.275044327946463e-05,4.00080184792498e-05
2.5000000000000004,-0.00015804181446482315,-0.15804181446482315,-2.6552328683092146e-05,8.84247992007999e-05
2.5500000000000003,-0.00011629366704769218,-0.11629366704769219,-1.8199900206993448e-05,0.00011628684989106795
2.6000000000000005,1.9043187855594264e-05,0.019043187855594265,-7.821718253069617e-06,0.0001151205625795985
2.6500000000000004,0.00011378287072147322,0.11378287072147322,4.385073662409589e-06,8.504103800916747e-05
2.7000000000000006,0.00011095145553568544,0.11095145553568544,1.816058915592896e-05,3.4231484790250923e-05
2.7500000000000004,8.109336108162064e-05,0.08109336108162063,3.3190136162547673e-05,-2.3894546507100887e-05
2.8000000000000007,-4.374354640698581e-06,-0.0043743546406985806,4.9113973730102526e-05,-7.482781074068252e-05
2.8500000000000005,-7.374868211195442e-05,-0.07374868211195441,6.553854966360342e-05,-0.00010706052405214328
2.9000000000000004,-7.267736646349354e-05,-0.07267736646349354,8.204883106516892e-05,-0.00011493939648093523
2.9500000000000006,8.286519518917886e-06,0.008286519518917885,9.822130450056562e-05,-9.956199999241604e-05
3.0000000000000004,0.0001257890767234779,0.1257890767234779,0.00011363720223980927,-6.767399421016573e-05
3.0500000000000007,0.000163928985992419,0.163928985992419,0.00012789550637511184,-2.9137571932763928e-05
3.1000000000000005,0.00023568132013551416,0.23568132013551416,0.00014062529366561376,6.096589328415736e-06
3.1500000000000004,0.00026307714773605626,0.2630771477360563,0.00015149701018979413,3.0561633574510734e-05
3.2000000000000006,0.00027211241975036215,0.27211241975036216,0.00016023230526388414,4.0726578799529134e-05
3.2500000000000004,0.00023519635502492422,0.23519635502492423,0.00016661210707497802,3.7122655052474565e-05
3.3000000000000007,0.00015363202121958738,0.15363202121958738,0.00017048268611196717,2.3388454596278288e-05
3.3500000000000005,9.012308653825037e-05,0.09012308653825037,0.0001717595244242542,4.764209831043647e-06
3.400000000000001,0.00010106263211124897,0.10106263211124897,0.0001704288863885007,-1.3388491440309304e-05
3.4500000000000006,0.0001279099382788113,0.1279099382788113,0.00016654706722607872,-2.6635105313138193e-05
3.5000000000000004,0.00010902800254997104,0.10902800254997104,0.00016023737611541052,-3.1960015142814254e-05
3.5500000000000007,9.270934530877919e-05,0.0927093453087792,0.0001516849885323123,-2.783625154877347e-05
3.6000000000000005,8.501690874773989e-05,0.08501690874773989,0.00014112987469902413,-1.4135454421832807e-05
3.650000000000001,9.008705152887251e-05,0.09008705152887252,0.00012885807521943455,7.901018655410071e-06
3.7000000000000006,7.195965813134016e-05,0.07195965813134016,0.0001151916489221476,3.5577659561648775e-05
3.750000000000001,0.00014264374854375158,0.1426437485437516,0.00010047765980639613,6.469073672871177e-05
3.8000000000000007,0.00016051849641612997,0.16051849641612997,8.507659841631926e-05,8.976053844646665e-05
3.8500000000000005,0.00016596027643015504,0.16596027643015504,6.935064707654613e-05,0.00010476401889950287
3.900000000000001,0.00017126311208614522,0.17126311208614522,5.365219784577408e-05,0.00010438859299872687
3.9500000000000006,0.00010046799858601374,0.10046799858601374,3.8313016953161555e-05,8.556021970944863e-05
4.000000000000001,9.369219393883654e-05,0.09369219393883654,2.3634420561581248e-05,4.8777509032347134e-05
4.050000000000001,0.00015055225187995968,0.1505522518799597,9.878785128838256e-06,-1.27910104214263e-06
4.1000000000000005,6.897464630523725e-05,0.06897464630523725,-2.737336966398401e-06,-5.624356248086235e-05
4.15,-2.4514998383738593e-05,-0.024514998383738593,-1.4048287499885254e-05,-0.00010571418075666065
4.200000000000001,-0.00011746824238407293,-0.11746824238407293,-2.3942417494888296e-05,-0.00013970289447177338
4.250000000000001,-0.0001316670036324804,-0.1316670036324804,-3.236317918617251e-05,-0.00015120653306085747
4.300000000000001,-9.664531505430038e-05,-0.09664531505430038,-3.930820076973473e-05,-0.00013811162663000473
4.3500000000000005,-2.0691815812550837e-05,-0.020691815812550838,-4.482642274772399e-05,-0.00010380467968294846
4.4,-6.157581258900527e-05,-0.06157581258900527,-4.901344377911738e-05,-5.625121192258301e-05
4.450000000000001,-1.243472802501245e-05,-0.012434728025012451,-5.200528678847441e-05,-5.799437214295319e-06
4.500000000000001,9.744036619941836e-06,0.009744036619941835,-5.3970850450152724e-05,3.761535866571788e-05
4.550000000000001,1.1967852122655554e-05,0.011967852122655555,-5.510335516351099e-05,6.699468957720038e-05
4.6000000000000005,3.394042198419458e-05,0.03394042198419458,-5.561112476887476e-05,7.976176976648139e-05
4.650000000000001,1.2493190898327938e-05,0.012493190898327938,-5.5708064472164514e-05,7.78076540212361e-05
4.700000000000001,-1.922432584849422e-05,-0.01922432584849422,-5.5604201175601e-05,6.619710957500464e-05
4.750000000000001,-6.0943339285744664e-05,-0.06094333928574466,-5.549664457744252e-05,5.108038896414009e-05
4.800000000000001,-9.16837671007837e-05,-0.0916837671007837,-5.556130642621768e-05,3.759213106323076e-05
4.8500000000000005,-0.00011723489488245835,-0.11723489488245835,-5.5945682092784375e-05,2.8459977974474064e-05
4.900000000000001,-6.942156875737004e-05,-0.06942156875737004,-5.676295449648895e-05,2.3723959188844518e-05
4.950000000000001,-3.122300017348248e-05,-0.03122300017348248,-5.8087627118752627e-05,2.1513934284283048e-05
5.000000000000001,-9.031099401983344e-05,-0.09031099401983345,-5.995283241106696e-05,1.9426113302916325e-05
5.050000000000001,-0.00011408258522970433,-0.11408258522970434,-6.23493966532577e-05,1.583933879642234e-05
5.1000000000000005,-9.201106987158345e-05,-0.09201106987158345,-6.522667470088834e-05,1.0592129702615514e-05
5.150000000000001,-8.614571245415593e-05,-0.08614571245415593,-6.849510060578371e-05,4.763495169650683e-06
5.200000000000001,7.796345371848761e-05,0.0779634537184876,-7.203033530461394e-05,-2.7345756966330275e-07
5.250000000000001,7.58260945301427e-05,0.07582609453014269,-7.567883283496564e-05,-4.007753554477907e-06
5.300000000000001,-1.595027133176857e-05,-0.015950271331768573,-7.926459404079838e-05,-7.5207191305172335e-06
5.3500000000000005,-5.628498426100381e-05,-0.056284984261003805,-8.259683337163401e-05,-1.3324669086849593e-05
5.400000000000001,-0.00010401047483689845,-0.10401047483689846,-8.547825171330769e-05,-2.4242893193776004e-05
5.450000000000001,-3.213813899074282e-05,-0.03213813899074282,-8.771358735745638e-05,-4.172840961070106e-05
5.500000000000001,3.267876089921829e-05,0.03267876089921829,-8.911810892067064e-05,-6.435104880469818e-05
5.550000000000001,3.0313294793569397e-05,0.030313294793569395,-8.952571849112962e-05,-8.722543242801311e-05
5.600000000000001,-5.624818696504817e-05,-0.056248186965048165,-8.879635026341198e-05,-0.0001028596021654672
5.650000000000001,-9.874484120888903e-05,-0.09874484120888903,-8.682237870939005e-05,-0.00010336499489301288
5.700000000000001,-0.00010512841921048311,-0.10512841921048312,-8.353378977705012e-05,-8.338210348590495e-05
5.750000000000001,-0.00011270017612585271,-0.11270017612585272,-7.890191717058469e-05,-4.267844699784257e-05
5.800000000000001,8.967519430667787e-05,0.08967519430667786,-7.29416015721973e-05,1.2652444387312139e-05
5.850000000000001,8.286619066419468e-05,0.08286619066419468,-6.571169158473324e-05,7.107019011597951e-05
5.900000000000001,4.741298811092768e-05,0.04741298811092768,-5.731386888864953e-05,0.00011852226040043829
5.950000000000001,3.000664442319708e-05,0.03000664442319708,-4.7889844205947175e-05,0.00014264048288768836
6.000000000000001,1.664857021525935e-05,0.01664857021525935,-3.761703273122734e-05,0.000136852223582829
6.050000000000001,1.8164417839024723e-05,0.018164417839024723,-2.6702875394285336e-05,0.00010295105694828234
6.100000000000001,2.7721028810580804e-05,0.027721028810580806,-1.537802349896599e-05,5.108679176896062e-05
6.150000000000001,6.3276899369298655e-06,0.006327689936929865,-3.888647029655207e-06,-3.038472512372874e-06
6.200000000000001,-3.0832098764384155e-05,-0.030832098764384155,7.511840358523416e-06,-4.3014124568924625e-05
6.250000000000001,-0.00010625983383827996,-0.10625983383827996,1.857132515552174e-05,-5.7082747757305504e-05
6.300000000000001,-9.58018567654377e-05,-0.0958018567654377,2.9047482628681392e-05,-4.221832844393439e-05
6.350000000000001,-9.942260087695289e-05,-0.09942260087695289,3.8715889149899824e-05,-5.4569655337923195e-06
6.400000000000001,-0.00013173531373679402,-0.131735313736794,4.737745217899666e-05,3.811552500681459e-05
6.450000000000001,0.00033247019309649026,0.3324701930964903,5.486487857236844e-05,7.019510558530392e-05
6.500000000000001,0.00021641839962517455,0.21641839962517453,6.104793919225131e-05,7.539684689489038e-05
6.550000000000002,0.00011623292806010185,0.11623292806010185,6.583733427323809e-05,4.667704770875428e-05
6.600000000000001,4.884634597395492e-05,0.04884634597395492,6.91870178919883e-05,-1.1812555529525203e-05
6.650000000000001,3.746982647602395e-05,0.03746982647602395,7.109489913860269e-05,-8.548274132091403e-05
6.700000000000001,1.4169349234312904e-06,0.0014169349234312903,7.160189995794934e-05,-0.00015353341506006517
6.750000000000001,3.303891902336129e-05,0.03303891902336129,7.078941275301532e-05,-0.00019533794267309918
6.800000000000002,2.5815429086711575e-05,0.025815429086711576,6.877526232759548e-05,-0.00019692844062448018
6.850000000000001,-3.138527084624274e-05,-0.031385270846242735,6.570833425991272e-05,-0.0001554634447826483
6.900000000000001,1.3958894512314401e-06,0.0013958894512314402,6.17620831568714e-05,-8.021116396176715e-05
6.950000000000001,7.45456448957864e-05,0.0745456448957864,5.712717748423255e-05,1.0269610265593831e-05
7.000000000000001,0.0001912921235037173,0.1912921235037173,5.200357114686544e-05,9.381236727078372e-05
7.050000000000002,0.0004191275216466607,0.4191275216466607,4.659231441543941e-05,0.00015131466083747455
7.100000000000001,0.00044746257209488685,0.4474625720948868,4.1087427284513837e-05,0.0001722253695550465
7.150000000000001,0.0002778092101654031,0.2778092101654031,3.56681564714468e-05,0.00015710976098906205
7.200000000000001,0.00014661640009760898,0.14661640009760898,3.0491923058771003e-05,0.00011656769402925804
7.250000000000001,-9.178814138651417e-06,-0.009178814138651417,2.5688241740844673e-05,6.701582241108672e-05
7.300000000000002,-6.889724162099856e-05,-0.06889724162099856,2.1353855700792613e-05,2.4875707334829263e-05
7.350000000000001,2.2356741853054838e-05,0.022356741853054838,1.7549284670220957e-05,1.1868265507761212e-06
7.400000000000001,5.20938072565348e-05,0.0520938072565348,1.4296929429066204e-05,-1.5642581226887425e-06
7.450000000000001,0.00010860247820378629,0.1086024782037863,1.1580815903556915e-05,1.0557687908593188e-05
7.500000000000002,0.00010588097502982376,0.10588097502982376,9.347998360184073e-06,2.5931858177141223e-05
7.550000000000002,-2.854284834197952e-05,-0.02854284834197952,7.511576359994444e-06,3.216150501266298e-05
7.600000000000001,-0.00010939884498754211,-0.10939884498754211,5.9552165731941815e-06,2.0862035954544464e-05
7.650000000000001,-0.00011614355317352107,-0.11614355317352107,4.539010666826914e-06,-9.240922810988777e-06
7.700000000000001,-7.921146193190166e-05,-0.07921146193190166,3.106446551671248e-06,-5.192591831625145e-05
7.750000000000002,-7.131402503184079e-05,-0.0713140250318408,1.4922243824370385e-06,-9.581331849673079e-05
7.800000000000002,-7.78372610018958e-05,-0.07783726100189581,-4.6938736552709004e-07,-0.0001284625068664703
7.850000000000001,-0.00012480867821958711,-0.12480867821958712,-2.9359852376590302e-06,-0.00014067611457074876
7.900000000000001,-0.00017177098294244322,-0.17177098294244322,-6.048595596921652e-06,-0.00012945470719721383
7.950000000000001,-0.0001824619649332741,-0.1824619649332741,-9.923712607362111e-06,-9.860721922583846e-05
8.000000000000002,-0.00014470021996455497,-0.14470021996455498,-1.4646137882144877e-05,-5.692596374890964e-05
8.05,1.855619625141538e-05,0.01855619625141538,-2.026292445093742e-05,-1.473728044627949e-05
8.100000000000001,5.6667890700188265e-05,0.05666789070018827,-2.6778690157030575e-05,1.979342824570396e-05
8.150000000000002,0.0001145876347808217,0.1145876347808217,-3.4152517615051076e-05,4.3191652233620385e-05
8.200000000000001,5.687237324472524e-05,0.056872373244725244,-4.229660112706046e-05,5.7129839580996246e-05
8.250000000000002,2.757692007782486e-05,0.02757692007782486,-5.107673748518644e-05,6.673505128834556e-05
8.3,-1.6621218417100882e-05,-0.01662121841710088,-6.031468966323412e-05,7.751884825150056e-05
8.350000000000001,-7.627020563274807e-06,-0.007627020563274807,-6.979238248023363e-05,9.223487097812076e-05
8.400000000000002,4.54948695521184e-05,0.0454948695521184,-7.925781996067959e-05,0.00010899318945072505
8.450000000000001,9.474557932675192e-05,0.09474557932675193,-8.843254787450286e-05,0.0001214660696208976
8.500000000000002,9.486947137221083e-05,0.09486947137221083,-9.70204242766889e-05,0.00012119558006898934
8.55,4.8942016627349264e-05,0.04894201662734926,-0.00010471740806064367,0.00010117163191636655
8.600000000000001,-1.8325183237118568e-05,-0.01832518323711857,-0.00011122203260216508,5.930917657902497e-05
8.650000000000002,-9.263225733063464e-05,-0.09263225733063464,-0.00011624620017116915,4.237042631497224e-07
8.700000000000001,-0.0001199733912495888,-0.11997339124958879,-0.00011952591419003116,-6.41951337646947e-05
8.750000000000002,-0.00022528428634680314,-0.22528428634680314,-0.00012083156143087069,-0.00011965700974369524
8.8,-0.0003026935649087653,-0.3026935649087653,-0.00011997736519386548,-0.00015193536088816304
8.850000000000001,-0.00026922350529527434,-0.26922350529527433,-0.00011682965321851365,-0.00015244653609638583
8.900000000000002,-0.00022863862210983457,-0.22863862210983457,-0.00011131361987588097,-0.00012115746680238613
8.950000000000001,-0.00018152636287645496,-0.18152636287645496,-0.00010341830992193896,-6.708359218228148e-05
9.000000000000002,-1.3243932401049576e-05,-0.013243932401049577,-9.319960917165237e-05,-5.894201021167815e-06
9.050000000000002,3.578077930833578e-05,0.03578077930833578,-8.078109390822969e-05,4.4688885199527295e-05
9.100000000000001,4.330792449735748e-05,0.04330792449735748,-6.635266338426788e-05,7.026467864558255e-05
9.150000000000002,-7.32165785438054e-06,-0.00732165785438054,-5.016695587850065e-05,6.419076225767643e-05
9.200000000000001,-3.279586148098425e-05,-0.032795861480984255,-3.253362577429687e-05,2.9670188041700336e-05
9.250000000000002,-0.00013661354368110648,-0.13661354368110648,-1.3811634303118084e-05,-2.117340640051165e-05
9.300000000000002,-0.00015784601014034392,-0.1578460101403439,5.600222727709323e-06,-7.093474641942469e-05
9.350000000000001,-9.471035616002395e-05,-0.09471035616002395,2.5274263262734226e-05,-0.0001021382067125939
9.400000000000002,-4.3705576839786714e-05,-0.043705576839786715,4.476600211808518e-05,-0.00010242087695718455
9.450000000000001,1.2362907716914992e-05,0.012362907716914992,6.362698465014394e-05,-6.81460194767747e-05
9.500000000000002,5.7279305097619516e-05,0.05727930509761952,8.141795667312146e-05,-5.439700010801726e-06
9.550000000000002,0.00010208010615360663,0.10208010615360663,9.772194034230642e-05,7.154255930800269e-05
9.600000000000001,0.00015326289283078796,0.15326289283078798,0.00011215678447192453,0.0001444913961644091
9.650000000000002,0.00021416426028908594,0.21416426028908594,0.00012438677138946433,0.00019576146448972156
9.700000000000001,0.00029192881815717856,0.2919288181571786,0.0001341328905637732,0.00021276238610768228
9.750000000000002,0.000313065492709545,0.313065492709545,0.0001411814309913468,0.0001907996001754156
9.800000000000002,0.00029164157868632654,0.29164157868632656,0.00014539059830979232,0.0001337820626901259
9.850000000000001,0.0002123042760333932,0.21230427603339322,0.00014669492701839702,5.2848852606468153e-05
9.900000000000002,9.83923213079077e-05,0.0983923213079077,0.00014510733083749656,-3.650544669994495e-05
9.950000000000001,1.6969127698302402e-06,0.0016969127698302402,0.00014071871264655916,-0.00011794383785183448
10.000000000000002,-4.817933429731544e-05,-0.04817933429731543,0.00013369513690911263,-0.00017757435185980041
10.050000000000002,-5.3259526238324956e-05,-0.05325952623832496,0.00012427264920670508,-0.0002063678198546283
10.100000000000001,-1.912286656051058e-05,-0.01912286656051058,0.00011274990663110958,-0.00020138548090447596
10.150000000000002,2.969412964105106e-05,0.02969412964105106,9.947885657219688e-05,-0.00016580082048395852
10.200000000000001,6.755613337516699e-05,0.06755613337516699,8.485376731492716e-05,-0.00010790641956588686
10.250000000000002,8.895530202229775e-05,0.08895530202229775,6.929896951901193e-05,-3.938786254900067e-05
10.300000000000002,0.0001441569744070105,0.1441569744070105,5.325571114672039e-05,2.684011939220746e-05
10.350000000000001,0.00014569156037018356,0.14569156037018358,3.716855819697308e-05,7.894691085319476e-05
10.400000000000002,0.00020146029331283147,0.20146029331283147,2.1471788642224572e-05,0.00010834560063794359
10.450000000000001,0.0001809316396461129,0.18093163964611292,6.576226707815982e-06,0.00011135973511605789
10.500000000000002,0.00013351073416419687,0.13351073416419687,-7.143050925213571e-06,9.004274527883159e-05
10.550000000000002,6.540189197435066e-05,0.06540189197435066,-1.9357735744791322e-05,5.186067365879487e-05
10.600000000000001,-3.8809710916478064e-05,-0.038809710916478064,-2.9795677669909004e-05,8.134452033496936e-06
10.650000000000002,-0.00012045946144759378,-0.12045946144759379,-3.8248344018770424e-05,-2.8567396194645823e-05
10.700000000000001,-7.159116965484597e-05,-0.07159116965484597,-4.457611275435092e-05,-4.7564290370392126e-05
10.750000000000002,-4.039535522157424e-05,-0.04039535522157424,-4.8711240010472104e-05,-4.295529575820188e-05
10.800000000000002,6.738464657865435e-05,0.06738464657865435,-5.065842166885399e-05,-1.543881718357755e-05
10.850000000000001,-0.00040649390218278357,-0.4064939021827836,-5.0492951080223e-05,2.7565558619077117e-05
10.900000000000002,-4.6863659348129184e-05,-0.04686365934812919,-4.8356557031025834e-05,7.368163004035207e-05
10.950000000000001,-0.0002409688706750812,-0.2409688706750812,-4.445108489441749e-05,0.00010885967508898555
11.000000000000002,1.2513564457387529e-05,0.012513564457387528,-3.903025682577411e-05,0.0001213107742760698
11.050000000000002,0.00022546842097750081,0.2254684209775008,-3.238981133480784e-05,0.00010495967397882582
11.100000000000001,0.0001422640219135506,0.14226402191355061,-2.4856376353676272e-05,6.136392988424585e-05
11.150000000000002,-1.038614099879921e-05,-0.01038614099879921,-1.6775471166941015e-05,-5.272834359426199e-07
11.200000000000003,-0.00022387118845368983,-0.22387118845368983,-8.49905986244029e-06,-6.675205196108943e-05
11.250000000000002,-0.0004408039237453352,-0.44080392374533517,-3.730913834419184e-07,-0.00012216357121203687
11.300000000000002,-0.00020482111546840168,-0.20482111546840168,7.274541580823309e-06,-0.00015455797279360464
11.350000000000001,-0.00018613602865943268,-0.18613602865943268,1.4145210590046202e-05,-0.00015785845112504043
11.400000000000002,-0.00011102488633653573,-0.11102488633653573,1.997954445456461e-05,-0.00013342080738853795
11.450000000000003,0.00016219429850951878,0.16219429850951878,2.4565871009389833e-05,-8.913696934170195e-05
11.500000000000002,0.00023920908844084194,0.23920908844084193,2.7746828659460442e-05,-3.672053271138984e-05
11.550000000000002,0.0001362786563879662,0.1362786563879662,2.9423935453597775e-05,1.1878561560618157e-05
11.600000000000001,6.050608939797984e-05,0.06050608939797984,2.9559977330375157e-05,4.775355473725673e-05
11.650000000000002,7.574668523821306e-05,0.07574668523821305,2.8179155546287953e-05,6.70122527714077e-05
11.700000000000003,9.825045472320163e-05,0.09825045472320162,2.5365013346106892e-05,7.094304071124415e-05
11.750000000000002,0.0001316597045201803,0.1316597045201803,2.12562408145677e-05,6.45254537433496e-05
11.800000000000002,0.00016946950599417101,0.16946950599417102,1.6040531753418088e-05,5.398970037205795e-05
11.850000000000001,0.00021505484397040816,0.21505484397040817,9.946734702547926e-06,4.439700452335461e-05
11.900000000000002,0.0001960873397604693,0.1960873397604693,3.235599455806811e-06,3.810977142222887e-05
11.950000000000003,0.00011654079951337177,0.11654079951337178,-3.8105314724480186e-06,3.460366191186697e-05
12.000000000000002,5.6888291535752565e-05,0.05688829153575257,-1.0898701675442265e-05,3.151461263302774e-05
12.050000000000002,-7.333619687306935e-06,-0.007333619687306935,-1.773658394789647e-05,2.6332983818974978e-05
12.100000000000001,-3.2839705635349565e-05,-0.03283970563534956,-2.4043575078781826e-05,1.79381525598159e-05
12.150000000000002,-7.536053546160965e-05,-0.07536053546160965,-2.9561338154607208e-05,7.287147230623808e-06
12.200000000000003,-8.623249455968752e-05,-0.08623249455968753,-3.406341112454184e-05,-3.0277020448694976e-06
12.250000000000002,-9.13571300956736e-05,-0.0913571300956736,-3.736353700012884e-05,-1.0123878446615058e-05
12.300000000000002,-7.566797160557432e-05,-0.07566797160557433,-3.9322419995471636e-05,-1.2436355796377231e-05
12.350000000000001,-5.671348154170093e-05,-0.05671348154170093,-3.9852671347255624e-05,-1.0809264449552504e-05
12.400000000000002,-6.78371906616843e-05,-0.0678371906616843,-3.892177630100501e-05,-8.490668954075215e-06
12.450000000000003,-0.00010533529775694472,-0.10533529775694472,-3.6552987327527676e-05,-9.909426702547781e-06
12.500000000000002,-0.00011368097309281104,-0.11368097309281104,-3.282412535214134e-05,-1.865188521691334e-05
12.550000000000002,-0.0001175975810059994,-0.11759758100599939,-2.7864347840485395e-05,-3.545226923582509e-05
12.600000000000001,-0.00017098473196173157,-0.17098473196173158,-2.1849017182122936e-05,-5.7091623449864243e-05
12.650000000000002,-0.00013715776777810588,-0.13715776777810587,-1.4992872233993507e-05,-7.681352899450357e-05
12.700000000000003,-0.00010054852583865996,-0.10054852583865996,-7.5417676091395504e-06,-8.630315683118383e-05
12.750000000000002,-7.243553589372655e-05,-0.07243553589372655,2.36702915920294e-07,-7.864670722237804e-05
12.800000000000002,-5.609888821847948e-05,-0.05609888821847948,8.0633425231452e-06,-5.123603754725949e-05
12.850000000000001,1.107618906952156e-05,0.011076189069521559,1.5657863924794648e-05,-7.4974439400839665e-06
12.900000000000002,0.00011109009525774656,0.11109009525774656,2.2749382787144615e-05,4.333837955057884e-05
12.950000000000003,0.00017128220358177498,0.17128220358177498,2.9086498537159077e-05,8.854819047157545e-05
13.000000000000002,0.00023004740564459491,0.23004740564459492,3.4446585763342665e-05,0.000115680201031162
13.050000000000002,0.00018610862219910828,0.1861086221991083,3.864395002512789e-05,0.00011657032768129004
13.100000000000003,0.00013477578754485557,0.13477578754485556,4.1536545273970924e-05,9.024223320453231e-05
13.150000000000002,0.00011167496025874535,0.11167496025874535,4.303100465855887e-05,4.363576158658247e-05
13.200000000000003,9.610054398338943e-05,0.09610054398338942,4.308580022100122e-05,-1.0190558546075118e-05
13.250000000000002,8.382329812787537e-05,0.08382329812787537,4.171241753859661e-05,-5.5885775524779524e-05
13.300000000000002,6.507918321603446e-05,0.06507918321603445,3.897450612332055e-05,-8.046077220635329e-05
13.350000000000003,8.49210380269319e-06,0.008492103802693189,3.498504259837935e-05,-7.726572354875085e-05
13.400000000000002,5.2054818208287466e-05,0.052054818208287466,2.990161851155428e-05,-4.7994563621357134e-05
13.450000000000003,7.537594854883208e-05,0.07537594854883208,2.3920035348591805e-05,-2.0733425210595245e-06
13.500000000000002,7.597295663948945e-05,0.07597295663948946,1.7266453254224196e-05,4.633946205876561e-05
13.550000000000002,0.00014270273050980104,0.14270273050980103,1.018839477489729e-05,8.272710962214252e-05
13.600000000000003,0.00021598594257134628,0.2159859425713463,2.9449485584559165e-06,9.652192666866314e-05
13.650000000000002,0.00015333015573461858,0.15333015573461858,-4.203451258890448e-06,8.397725834859351e-05
13.700000000000003,4.694260238639384e-05,0.04694260238639384,-1.1005277452121205e-05,4.8771905715716854e-05
13.750000000000002,-3.244787510430192e-05,-0.03244787510430192,-1.7227799231895905e-05,3.138771870271834e-07
13.800000000000002,-6.182973604663801e-05,-0.06182973604663801,-2.2666226881398478e-05,-4.951829983122451e-05
13.850000000000003,-8.686365287444148e-05,-0.08686365287444148,-2.7151756506635488e-05,-8.998680062619116e-05
13.900000000000002,-0.0001009986512612953,-0.1009986512612953,-3.0558200330007155e-05,-0.00011423180901923553
13.950000000000003,-0.00011173057850001425,-0.11173057850001425,-3.280694035400887e-05,-0.000120331135345121
14.000000000000002,-0.00012841978488358703,-0.12841978488358702,-3.387000569464131e-05,-0.00011056303973392893
14.050000000000002,-0.0001520042581849505,-0.15200425818495047,-3.377114416140731e-05,-8.943116442850055e-05
14.100000000000003,-0.00017313229081320733,-0.17313229081320733,-3.258483417463325e-05,-6.14249107601868e-05
14.150000000000002,-0.00012016566221697062,-0.12016566221697061,-3.0433261088903625e-05,-2.9491455767542392e-05
14.200000000000003,-7.887167937929773e-05,-0.07887167937929773,-2.748135955733514e-05,5.197589760556812e-06
14.250000000000002,-1.8665081917794922e-06,-0.0018665081917794923,-2.3930097849566733e-05,4.222058865348316e-05
14.300000000000002,8.670922544831419e-05,0.08670922544831419,-2.0008248256641812e-05,8.024377783335863e-05
14.350000000000003,6.658549430186222e-05,0.06658549430186222,-1.596294731556176e-05,0.0001156567816557914
14.400000000000002,5.8607410653736855e-05,0.058607410653736855,-1.2049398304083691e-05,0.0001423438131745958
14.450000000000003,8.240598444958172e-05,0.08240598444958172,-8.520104416946675e-06,0.00015295585951591748
14.500000000000002,7.967284313774997e-05,0.07967284313774997,-5.6140428188960025e-06,0.00014138435210954471
14.550000000000002,5.962114857130309e-05,0.059621148571303094,-3.5461964687137234e-06,0.00010554829638080172
14.600000000000003,6.569405184902636e-05,0.06569405184902635,-2.4978518593007405e-06,4.934241719349931e-05
14.650000000000002,4.4986527888904206e-05,0.044986527888904206,-2.6080468216412084e-06,-1.7217373571289657e-05
14.700000000000003,-1.1182281016085108e-05,-0.011182281016085108,-3.966514053796941e-06,-8.00173983928741e-05
14.750000000000002,-8.789560116161002e-05,-0.08789560116161002,-6.608414352931603e-06,-0.00012460567971045588
14.800000000000002,-0.00012598731293013814,-0.12598731293013815,-1.051109043249058e-05,-0.00014055026026218417
14.850000000000003,-9.166152153183111e-05,-0.09166152153183112,-1.55929999108604e-05,-0.0001249250852361432
14.900000000000002,-1.4017309151273305e-06,-0.0014017309151273306,-2.1714907126425427e-05,-8.363765263496618e-05
14.950000000000003,0.00010379067485608598,0.10379067485608598,-2.868333069211724e-05,-2.99798126175853e-05
15.000000000000004,0.00014540605372432715,0.14540605372432716,-3.6256160135753555e-05,1.928613511780161e-05
15.050000000000002,0.00016104724642259518,0.16104724642259519,-4.4150273619408756e-05,4.9123467129663615e-05
15.100000000000003,0.00015364211220765382,0.1536421122076538,-5.2050912574222256e-05,5.102091610642521e-05
15.150000000000002,6.816781079978057e-05,0.06816781079978057,-5.962250094452335e-05,2.578731390950777e-05
15.200000000000003,-1.9221967582648265e-05,-0.019221967582648266,-6.652053915774913e-05,-1.6640167637476813e-05
15.250000000000004,-2.7661097412390466e-05,-0.027661097412390465,-7.240415811404077e-05,-6.037327171686799e-05
15.300000000000002,-3.0258600115036817e-05,-0.030258600115036817,-7.694888816870297e-05,-8.873204559662958e-05
15.350000000000003,-0.0001123067027705187,-0.1123067027705187,-7.98591835003437e-05,-8.970647716495918e-05
15.400000000000002,-0.00013218143677497433,-0.13218143677497432,-8.088024409908868e-05,-5.992645967451276e-05
15.450000000000003,-0.00010566858489790575,-0.10566858489790575,-7.980869596908254e-05,-5.837331954297043e-06
15.500000000000004,-5.0737957883384454e-05,-0.050737957883384456,-7.650172452087123e-05,5.829221525073897e-05
15.550000000000002,8.779020554738889e-06,0.008779020554738889,-7.08843054560841e-05,0.00011485312039561353
15.600000000000003,1.8742338904640108e-05,0.018742338904640107,-6.295424009795029e-05,0.00014838032859913451
15.650000000000002,-1.52614545878675e-05,-0.0152614545878675,-5.278477598453765e-05,0.0001502461213846053
15.700000000000003,-7.559481638550704e-05,-0.07559481638550704,-4.0524676086271915e-05,0.00012107072038649643
15.750000000000004,-0.00012745448968038946,-0.12745448968038947,-2.639568837299006e-05,7.014848910659414e-05
15.800000000000002,-0.00014397684864167414,-0.14397684864167415,-1.0687458544705959e-05,1.2188085637411829e-05
15.850000000000003,-0.00015471980884569438,-0.1547198088456944,6.249980662065731e-06,-3.746857128684571e-05
15.900000000000002,-0.00013894738897338155,-0.13894738897338155,2.4015923299520718e-05,-6.753805664984766e-05
15.950000000000003,-0.00011769401360261155,-0.11769401360261156,4.217060682721645e-05,-7.389637391366888e-05
16.000000000000004,-0.00011002122968606153,-0.11002122968606154,6.024836087811794e-05,-6.018997127475835e-05
16.050000000000004,-2.6799088970273784e-05,-0.026799088970273784,7.77718595339011e-05,-3.5926624622821464e-05
16.1,7.969340396287122e-05,0.07969340396287122,9.426700495707099e-05,-1.284382726998465e-05
16.150000000000002,0.00016279863711252907,0.16279863711252907,0.0001092779428563853,-8.616431764716347e-07
16.200000000000003,0.00019790273305251842,0.1979027330525184,0.00012238170014063914,-4.965191847560554e-06
16.250000000000004,0.00022425046169320738,0.22425046169320736,0.0001332019427482531,-2.3947891876147672e-05
16.300000000000004,0.00022606165357473183,0.22606165357473182,0.00014142137690628851,-5.1254133310199205e-05
16.35,0.00015732232116569289,0.1573223211656929,0.00014679235922824868,-7.744748736323521e-05
16.400000000000002,0.00022095837949354008,0.22095837949354008,0.00014914533875899405,-9.33440857973017e-05
16.450000000000003,0.00026450618451934747,0.2645061845193475,0.00014839482541252526,-9.273798933799468e-05
16.500000000000004,0.00028508481295131993,0.28508481295131993,0.00014454266182472653,-7.39095907828714e-05
16.550000000000004,0.00031521580831429276,0.31521580831429274,0.00013767846664564806,-3.9618181208399596e-05
16.6,0.00036593508933236644,0.36593508933236646,0.00012797721359530164,4.171837277851219e-06
16.650000000000002,0.0003680029943148582,0.36800299431485817,0.00011569400886596633,5.0196636544457124e-05
16.700000000000003,0.00028897181604009385,0.28897181604009387,0.0001011562262438174,9.16958259696145e-05
16.750000000000004,0.00022109932655395975,0.22109932655395975,8.47532512433227e-05,0.00012356422479134274
16.800000000000004,0.00015384522658454247,0.15384522658454247,6.692416934821183e-05,0.0001426692252142745
16.85,0.00016434612293917197,0.16434612293917197,4.8143806146280856e-05,0.00014752639423712188
16.900000000000002,0.00013579930501764353,0.13579930501764353,2.8907586116475917e-05,0.0001377569262667947
16.950000000000003,0.0001379265459597953,0.1379265459597953,9.71571992584899e-06,0.00011375386829276494
17.000000000000004,6.873086493054442e-05,0.06873086493054442,-8.942744284568319e-06,7.677948177306104e-05
17.050000000000004,-9.976604818821005e-05,-0.09976604818821005,-2.660546300405973e-05,2.941206318306342e-05
17.1,-0.00047486249756609173,-0.4748624975660917,-4.2851401922816725e-05,-2.3995525076444082e-05
17.150000000000002,-0.0002001926834301692,-0.2001926834301692,-5.7314002281351974e-05,-7.726892364211576e-05
17.200000000000003,-0.0005344542296085372,-0.5344542296085373,-6.96924561353367e-05,-0.00012306974977855626
17.250000000000004,-0.0005981455705023708,-0.5981455705023708,-7.976070151023888e-05,-0.00015425423806386082
17.300000000000004,-0.00028657937762533006,-0.2865793776253301,-8.73738261271406e-05,-0.0001655936692025839
17.35,-0.0003162909436436328,-0.3162909436436328,-9.247165731458979e-05,-0.00015528885590034423
17.400000000000002,-0.0002534995287177058,-0.2534995287177058,-9.507941283037114e-05,-0.00012569858232758293
17.450000000000003,-0.00031049503786828917,-0.3104950378682892,-9.530538924750366e-05,-8.292754346634891e-05
17.500000000000004,-0.00020635711936310087,-0.20635711936310086,-9.333576776931015e-05,-3.5307166615117766e-05
17.550000000000004,-0.00014118684907388142,-0.14118684907388143,-8.942671822401808e-05,8.792943491431124e-06
17.6,-3.8103110491863676e-05,-0.03810311049186368,-8.389407700736879e-05,4.3122874094489265e-05
17.650000000000002,9.727334809877874e-05,0.09727334809877874,-7.710096053651097e-05,6.49674439468881e-05
17.700000000000003,0.00018229508115457513,0.18229508115457513,-6.944374930011132e-05,7.535790298381175e-05
17.750000000000004,0.00022152251819293446,0.22152251819293445,-6.133693620248577e-05,7.804635832381664e-05
17.800000000000004,0.00021570642771862004,0.21570642771862003,-5.319737447678063e-05,7.765222444752042e-05
17.85,0.00012081312722754344,0.12081312722754343,-4.542848344292366e-05,7.768264881469668e-05
17.900000000000002,0.00020283324609759074,0.20283324609759074,-3.840497391223716e-05,7.915959506530491e-05
17.950000000000003,0.00024965112343410553,0.24965112343410553,-3.245863887188824e-05,8.034330508928653e-05
18.000000000000004,0.00029471895434431806,0.29471895434431805,-2.7865719687065156e-05,7.761824353941528e-05
18.050000000000004,0.0002406753202623066,0.2406753202623066,-2.4836304580930068e-05,6.716563381403699e-05
18.100000000000005,0.0001629443667015742,0.1629443667015742,-2.350614637495811e-05,4.675515351815566e-05
18.150000000000002,6.72448473919851e-05,0.0672448473919851,-2.3931202757807524e-05,1.6957196021448694e-05
18.200000000000003,-7.655341264116382e-05,-0.07655341264116382,-2.6085107561658353e-05,-1.8685269707872882e-05
18.250000000000004,-0.00016424657036342164,-0.16424657036342163,-2.985967892522787e-05,-5.457589671196947e-05
18.300000000000004,-0.00021178903411762337,-0.21178903411762337,-3.506846336625386e-05,-8.470551815583602e-05
18.350000000000005,-0.00022029931709155413,-0.22029931709155412,-4.145320739361278e-05,-0.00010437901286175593
18.400000000000002,-0.0002012172048193116,-0.2012172048193116,-4.869304411817317e-05,-0.00011138530477128558
18.450000000000003,-0.00025650108699605274,-0.25650108699605273,-5.64160850357625e-05,-0.0001062153975926979
18.500000000000004,-0.00027732708534154086,-0.2773270853415409,-6.421302019649621e-05,-9.13337132873627e-05
18.550000000000004,-0.00032572223155769616,-0.32572223155769614,-7.165225643953195e-05,-6.989538258469612e-05
18.600000000000005,-0.00037921111516378445,-0.3792111151637844,-7.829606590466132e-05,-4.451631570211532e-05
18.650000000000002,-0.00030979209244138926,-0.3097920924413893,-8.371717772736325e-05,-1.6653912640914408e-05
18.700000000000003,-0.00035647491866756646,-0.3564749186675665,-8.75152261533461e-05,1.3137698984555976e-05
18.750000000000004,-0.00025152388893093713,-0.25152388893093713,-8.933246906525211e-05,4.42319403843848e-05
18.800000000000004,-7.021259525424167e-05,-0.07021259525424167,-8.886821218204932e-05,7.475263286088572e-05
18.850000000000005,0.00010003211049664738,0.10003211049664737,-8.589141533938865e-05,0.00010086499156951137
18.900000000000002,1.8046668095268744e-05,0.018046668095268743,-8.025101695904455e-05,0.00011706125022702586
18.950000000000003,3.155496879321496e-05,0.03155496879321496,-7.188358908632977e-05,0.00011757052260741958
19.000000000000004,2.546134488318264e-05,0.02546134488318264,-6.081802564770836e-05,9.852025292677944e-05
19.050000000000004,1.5893203268129954e-05,0.015893203268129954,-4.7177067788047886e-05,6.0071639207963254e-05
19.100000000000005,2.4131116622288463e-05,0.02413111662228846,-3.117557882376833e-05,7.621833766664454e-06
19.150000000000002,-4.292802097854179e-06,-0.004292802097854179,-1.3115593753606204e-05,-4.860790715727444e-05
19.200000000000003,5.367681560294824e-05,0.05367681560294824,6.621719485746883e-06,-9.575184350821248e-05
19.250000000000004,6.67808455973797e-05,0.06678084559737969,2.758694164771142e-05,-0.00012175095560286376
19.300000000000004,0.00014397193830744827,0.14397193830744826,4.927578097202067e-05,-0.00011904604764896156
19.350000000000005,0.0002197859676362536,0.2197859676362536,7.114451445318575e-05,-8.727810826736672e-05
19.400000000000002,8.577518572891677e-05,0.08577518572891676,9.262698241433874e-05,-3.3987523935541747e-05
19.450000000000003,0.00016207296624014972,0.16207296624014972,0.00011315256991393274,2.7090491028217245e-05
19.500000000000004,0.0003076857513961426,0.3076857513961426,0.00013216457044496374,7.974633324839347e-05
19.550000000000004,0.00026238288932356317,0.2623828893235632,0.0001491383099707957,0.00010994166287090336
19.600000000000005,0.00032268876195853534,0.32268876195853535,0.00016359841328292312,0.00010992838733431559
19.650000000000002,0.00034282254943984394,0.3428225494398439,0.00017513461993161014,8.051090557743198e-05
19.700000000000003,0.000193587525661635,0.19358752566163498,0.00018341560279896963,3.070057657908239e-05
19.750000000000004,5.9862383612066866e-05,0.05986238361206687,0.00018820030726939376,-2.5141192249757707e-05
19.800000000000004,-1.807056923265494e-05,-0.018070569232654942,0.000189346410751899,-7.17471471780414e-05
19.850000000000005,-3.276628680313817e-05,-0.032766286803138166,0.00018681559827647126,-9.753005056017272e-05
19.900000000000002,2.3604404958222662e-05,0.023604404958222663,0.00018067545677443185,-9.783170253761679e-05
19.950000000000003,7.726128234926599e-05,0.07726128234926599,0.00017109790482343478,-7.582486503631065e-05
20.000000000000004,5.018596282354834e-05,0.05018596282354834,0.00015835419218746788,-4.086387124529409e-05
20.050000000000004,4.66717969108028e-05,0.046671796910802796,0.00014280662037621382,-4.941866730574056e-06
20.100000000000005,1.243251020395722e-05,0.01243251020395722,0.00012489724765914152,2.1468998566358946e-05
20.150000000000002,7.594617537851508e-06,0.007594617537851509,0.000105133945617691,3.275494801825221e-05
20.200000000000003,2.7930065290106677e-05,0.027930065290106675,8.407426580571475e-05,2.9576325875207325e-05
20.250000000000004,6.743468289719134e-05,0.06743468289719134,6.230765122301272e-05,1.7975598098427667e-05
20.300000000000004,6.707057697677477e-05,0.06707057697677477,4.0436585417281915e-05,6.616721394545698e-06
20.350000000000005,2.868589399481394e-05,0.02868589399481394,1.9057310056876306e-05,3.2369727693823866e-06
20.400000000000002,2.5558744329141994e-05,0.025558744329141993,-1.2592416129153617e-06,1.162764022373137e-05
20.450000000000003,5.305611236966555e-05,0.05305611236966555,-1.9985653541827605e-05,3.0216428754092156e-05
20.500000000000004,7.959553128077732e-05,0.07959553128077732,-3.6654763484321166e-05,5.270421920847063e-05
20.550000000000004,7.761768383864467e-05,0.07761768383864467,-5.087436164869002e-05,7.044774013840428e-05
20.600000000000005,5.274512370431759e-05,0.052745123704317595,-6.233935366574559e-05,7.565834754753539e-05
20.650000000000002,6.662177947001381e-06,0.006662177947001381,-7.084097543855558e-05,6.422714484641486e-05
20.700000000000003,-5.416491983536479e-05,-0.05416491983536479,-7.627274703678591e-05,3.717091026524349e-05
20.750000000000004,-8.499111355276268e-05,-0.08499111355276268,-7.863296333952682e-05,2.3847057956979946e-07
20.800000000000004,-5.5908997694076844e-05,-0.05590899769407685,-7.80236368416055e-05,-3.809110600831346e-05
20.850000000000005,-5.113342347015715e-05,-0.05113342347015715,-7.464592889693452e-05,-6.941125304810065e-05
20.900000000000002,-3.651156307412912e-05,-0.03651156307412912,-6.879222553738222e-05,-8.793540141425724e-05
20.950000000000003,-9.50435844971589e-05,-0.0950435844971589,-6.0835128760833805e-05,-9.189253911042866e-05
21.000000000000004,-9.995625462792002e-05,-0.09995625462792002,-5.121373987830648e-05,-8.336612694097664e-05
21.050000000000004,-0.0001619092527603834,-0.1619092527603834,-4.0417704501377174e-05,-6.679504896933934e-05
21.100000000000005,-0.0001719623911416288,-0.1719623911416288,-2.8969565821696358e-05,-4.686341266025328e-05
21.150000000000002,-0.00013713109163674206,-0.13713109163674206,-1.7406031309342074e-05,-2.6702628696099337e-05
21.200000000000003,-1.5224621041269535e-05,-0.015224621041269535,-6.258795796157842e-06,-7.143968190351152e-06
21.250000000000004,0.00015012434754293414,0.15012434754293413,3.964420219983768e-06,1.2725412937610801e-05
21.300000000000004,0.00013701974849781722,0.13701974849781723,1.2797964894654368e-05,3.403409793824958e-05
21.350000000000005,0.00015836928214949726,0.15836928214949728,1.9834858862107376e-05,5.639898391185953e-05
21.400000000000002,0.00013025640177535347,0.13025640177535347,2.4741335879851126e-05,7.688713112277208e-05
21.450000000000003,0.00011641063113906348,0.11641063113906347,2.7268817732330546e-05,9.028767052497984e-05
21.500000000000004,8.555360190177931e-05,0.08555360190177931,2.7262908275437657e-05,9.076314061462911e-05
21.550000000000004,6.66158463939767e-05,0.0666158463939767,2.4669093283993618e-05,7.43312846654251e-05
21.600000000000005,6.945970375726512e-05,0.06945970375726512,1.9534945409423358e-05,4.119534710751818e-05
21.650000000000002,4.604999383892025e-05,0.04604999383892025,1.2008753213271614e-05,-3.1178829536699744e-06
21.700000000000003,4.062818376899301e-05,0.040628183768993006,2.3346158174147494e-06,-4.848892746287805e-05
21.750000000000004,-3.330044060631216e-05,-0.03330044060631216,-9.155833997203071e-06,-8.281111337399759e-05
21.800000000000004,-6.914847739920416e-05,-0.06914847739920416,-2.2054799565628505e-05,-9.574136900267347e-05
21.850000000000005,-9.978592320732932e-05,-0.09978592320732932,-3.589239788678965e-05,-8.234874063078807e-05
21.900000000000002,-0.00011797959733724137,-0.11797959733724138,-5.0152966499467796e-05,-4.532506845217386e-05
21.950000000000003,-9.150541848256018e-05,-0.09150541848256018,-6.429304418754246e-05,5.173602015990589e-06
22.000000000000004,-6.964858802124873e-05,-0.06964858802124872,-7.776041190413028e-05,5.4209639393226545e-05
22.050000000000004,-3.894768970939524e-05,-0.03894768970939524,-9.001354313875474e-05,8.65400503287787e-05
22.100000000000005,-7.610220297161542e-05,-0.07610220297161542,-0.00010054079801745284,9.147852829521161e-05
22.150000000000006,-7.296472899156151e-05,-0.0729647289915615,-0.00010887870324492087,6.6520494847841e-05
22.200000000000003,-9.410597011133967e-05,-0.09410597011133967,-0.00011462869031136535,1.8453075441165685e-05
22.250000000000004,-0.0001412863093223758,-0.14128630932237582,-0.00011747171616310213,-3.852326021199342e-05
22.300000000000004,-0.00018631091773595445,-0.18631091773595446,-0.00011718026200641353,-8.713684929508093e-05
22.350000000000005,-0.00023178689781268346,-0.23178689781268347,-0.00011362729463370578,-0.0001124783427718871
22.400000000000006,-0.00017704928186530077,-0.17704928186530078,-0.00010679187759239084,-0.00010675370067567826
22.450000000000003,-0.00015317157872396064,-0.15317157872396064,-9.676123313537439e-05,-7.178133068582463e-05
22.500000000000004,-0.00013038564341199944,-0.13038564341199943,-8.372917630664291e-05,-1.8392498451467316e-05
22.550000000000004,-2.1236513743904214e-05,-0.021236513743904215,-6.79909656031766e-05,3.707915369818262e-05
22.600000000000005,0.0001270566631817411,0.12705666318174108,-4.9934736202196285e-05,7.80633285302368e-05
22.650000000000006,0.00020774313818913394,0.20774313818913395,-3.002979759254402e-05,9.303672560529289e-05
22.700000000000003,0.0002214791686428168,0.2214791686428168,-8.812183640991162e-06,7.909179591041278e-05
22.750000000000004,0.00020884718422132278,0.20884718422132278,1.3132063966852301e-05,4.2644393370054216e-05
22.800000000000004,0.0001394298279723865,0.1394298279723865,3.518532151175191e-05,-2.900972385613196e-06
22.850000000000005,0.00012094029797781137,0.12094029797781138,5.671790344085305e-05,-4.1698080688755956e-05
22.900000000000006,0.00010174000889594339,0.10174000889594338,7.710802574794147e-05,-6.06733699634524e-05
22.950000000000003,0.00015137227875332596,0.15137227875332596,9.576154708311834e-05,-5.368171750418157e-05
23.000000000000004,0.00019949362935582637,0.19949362935582637,0.00011213083058513,-2.3278995404821686e-05
23.050000000000004,0.00023576684314888293,0.23576684314888294,0.0001257321002081857,2.0380515374033537e-05
23.100000000000005,0.00028636488021274904,0.28636488021274903,0.00013616071733507765,6.304490854645336e-05
23.150000000000006,0.00023728005933910422,0.23728005933910423,0.00014310387490805353,9.101504390766218e-05
23.200000000000003,0.00020724317986379608,0.2072431798637961,0.0001463502946816259,9.537647462360732e-05
23.250000000000004,0.00023341325290793244,0.23341325290793244,0.0001457966154426779,7.446784483335253e-05
23.300000000000004,0.0002588920156030223,0.2588920156030223,0.000141450272616692,3.390574114368637e-05
23.350000000000005,8.60735793743345e-05,0.0860735793743345,0.00013342878869986572,-1.565651637576226e-05
23.400000000000006,1.3101741219935752e-06,0.001310174121993575,0.00012195551532651062,-6.211455292405266e-05
23.450000000000003,-9.94268704472696e-05,-0.0994268704472696,0.00010735198732869837,-9.554311214804995e-05
23.500000000000004,-0.00013558991405055216,-0.13558991405055215,9.002716277214301e-05,-0.00011066971741761842
23.550000000000004,-0.00016097275403967353,-0.16097275403967354,7.046392677417267e-05,-0.00010750396887985043
23.600000000000005,-5.8388596888922665e-05,-0.058388596888922666,4.9203327389532025e-05,-9.015359105359051e-05
23.650000000000006,-3.785477537095315e-05,-0.03785477537095315,2.6827085920389007e-05,-6.451036663878445e-05
23.700000000000003,-2.5626908265828838e-05,-0.02562690826582884,3.938979175775459e-06,-3.583846104221912e-05
23.750000000000004,-2.3108115598760354e-05,-0.023108115598760356,-1.885427435982046e-05,-7.230508373972904e-06
23.800000000000004,-1.1839743114716258e-05,-0.011839743114716257,-4.0961979899415194e-05,2.0540973212174592e-05
23.850000000000005,4.209330574253256e-06,0.004209330574253256,-6.182764832563432e-05,4.787397386166741e-05
23.900000000000006,1.8974620821413288e-05,0.01897462082141329,-8.094579120486998e-05,7.454826204557592e-05
23.950000000000003,4.4334023714671366e-05,0.044334023714671364,-9.787677727879335e-05,9.823509559833274e-05
24.000000000000004,9.9061159961908e-05,0.099061159961908,-0.00011225926958558923,0.0001141289253275188
24.050000000000004,0.0001238793530898868,0.1238793530898868,-0.00012381984927860868,0.00011606082346571043
24.100000000000005,0.00013581621818278496,0.13581621818278497,-0.00013237953224253858,9.881771652575359e-05
24.150000000000006,0.00011456307512180502,0.11456307512180502,-0.00013785699422913167,6.083071637190277e-05
24.200000000000003,1.165731029689577e-05,0.011657310296895769,-0.00014026843559587454,6.133428248707825e-06
24.250000000000004,-7.952638163903537e-05,-0.07952638163903537,-0.0001397241337937107,-5.535627576725841e-05
24.300000000000004,-0.0001417851208479984,-0.1417851208479984,-0.0001364218464293168,-0.00010964509987964185
24.350000000000005,-0.0001771458884065042,-0.1771458884065042,-0.00013063733603437048,-0.00014224279894845473
24.400000000000006,-0.00016838230557394618,-0.16838230557394618,-0.0001227123858542245,-0.00014250950047941044
24.450000000000003,-0.0001270385622108109,-0.1270385622108109,-0.00011304076063187147,-0.00010739438023472978
24.500000000000004,-8.178566803655209e-05,-0.08178566803655209,-0.00010205263460303512,-4.326409710862812e-05
24.550000000000004,3.928095360277342e-05,0.03928095360277342,-9.019805841056819e-05,3.4955428566532204e-05
24.600000000000005,6.243056420123411e-05,0.06243056420123411,-7.793006572992631e-05,0.00010728387552163881
24.650000000000006,7.232121345639357e-05,0.07232121345639357,-6.568802813071813e-05,0.00015395156690959678
24.700000000000003,6.066081367486952e-05,0.06066081367486952,-5.388185289162974e-05,0.00016093934027687037
24.750000000000004,2.7123517392875347e-05,0.027123517392875347,-4.287758370296449e-05,0.00012415766894137032
24.800000000000004,-4.385853898280429e-05,-0.04385853898280429,-3.2984909733082534e-05,5.0985717269249035e-05
24.850000000000005,-0.00014963588620331544,-0.14963588620331544,-2.4447016390546375e-05,-4.135108352253889e-05
24.900000000000006,-0.00022455570495434724,-0.22455570495434723,-1.743312388814021e-05,-0.00013015987265719577
24.950000000000003,-0.0002076153641993435,-0.2076153641993435,-1.2033960538056395e-05,-0.00019320113644336298
25.000000000000004,-0.00018295508300783612,-0.1829550830078361,-8.260310123270364e-06,-0.0002144914125925847
25.050000000000004,-0.0002050195077882243,-0.2050195077882243,-6.0446605312066735e-06,-0.00018837706108167034
25.100000000000005,-0.00021689598772154788,-0.2168959877215479,-5.245868088966646e-06,-0.0001207885409374269
25.150000000000006,-0.00010457461457532504,-0.10457461457532505,-5.656642705158596e-06,-2.7409599937312548e-05
25.200000000000003,-2.8883524652108678e-05,-0.028883524652108677,-7.013556875574076e-06,7.062820680317375e-05
25.250000000000004,0.00017829722519383185,0.17829722519383184,-9.009190459791191e-06,0.00015224815639596547
25.300000000000004,0.00020314685690143,0.20314685690143,-1.1305946105302355e-05,0.00020157934749331905
25.350000000000005,0.00037330766949935273,0.37330766949935273,-1.3551010005000056e-05,0.0002113922764319995
25.400000000000006,0.0002943205033505976,0.2943205033505976,-1.5391891445751755e-05,0.0001840188071248031
25.450000000000003,0.00013210575354140672,0.13210575354140672,-1.6491953792061392e-05,0.0001297129730804869
25.500000000000004,0.00013322524941711023,0.13322524941711023,-1.6545349879386607e-05,6.312716213845631e-05
25.550000000000004,-6.046186252622508e-05,-0.06046186252622508,-1.529079624950335e-05,-9.481644900801237e-07
25.600000000000005,3.293253020837644e-05,0.03293253020837644,-1.2523662482317964e-05,-5.1324871429791715e-05
25.650000000000006,-0.00011511010370739345,-0.11511010370739345,-8.105912582741596e-06,-8.264411614631037e-05
25.700000000000003,-4.757104488588409e-05,-0.04757104488588409,-1.9735128190707305e-06,-9.56265010457981e-05
25.750000000000004,1.6453659104316789e-06,0.0016453659104316788,5.858988158848044e-06,-9.550471604459794e-05
25.800000000000004,6.63957877227586e-05,0.0663957877227586,1.5296898901887947e-05,-8.932339344270279e-05
25.850000000000005,0.00014662583790086856,0.14662583790086856,2.6166927088878095e-05,-8.307098097919919e-05
25.900000000000006,-8.772000946985198e-05,-0.08772000946985198,3.822179383321574e-05,-7.957732613542228e-05
25.950000000000003,-0.00014093109345937954,-0.14093109345937954,5.114777850695117e-05,-7.779841008821026e-05
26.000000000000004,-3.826484360381377e-05,-0.03826484360381377,6.457494500478606e-05,-7.362725703246685e-05
26.050000000000004,8.015847388424211e-06,0.00801584738842421,7.808970164176299e-05,-6.187206798811306e-05
26.100000000000005,-8.264332735048938e-06,-0.008264332735048938,9.124926014906376e-05,-3.867983905442194e-05
26.150000000000006,0.00014146350415936504,0.14146350415936504,0.00010359748759735016,-3.5595363386513055e-06
26.200000000000006,0.00026036359627014307,0.26036359627014305,0.00011468159110567987,3.969819019779941e-05
26.250000000000004,0.00027866191027467327,0.2786619102746733,0.00012406904083926896,8.354909760648142e-05
26.300000000000004,0.00017572496409561604,0.17572496409561605,0.0001313641233294257,0.00011855441451095906
26.350000000000005,0.00017145593265841506,0.17145593265841505,0.0001362235251022781,0.00013603089020837382
26.400000000000006,0.00021321217318582652,0.21321217318582653,0.00013837037576876112,0.00013069326421687473
26.450000000000006,0.0002634989532707086,0.2634989532707086,0.00013760622915364368,0.0001024730587322365
26.500000000000004,0.00012604075395807285,0.12604075395807285,0.00013382052906333062,5.6926184488535644e-05
26.550000000000004,0.00010912544727271651,0.10912544727271652,0.00012699719059555087,4.049489978949095e-06
26.600000000000005,7.899913555558029e-05,0.07899913555558029,0.00011721802559136806,-4.420642525859118e-05
26.650000000000006,6.196157004285352e-05,0.06196157004285352,0.00010466284856150632,-7.705137795278472e-05
26.700000000000006,-1.859505506367218e-05,-0.018595055063672178,8.960621346933339e-05,-8.772361553215206e-05
26.750000000000004,-7.30928171599639e-05,-0.07309281715996391,7.241084817970996e-05,-7.529478014712324e-05
26.800000000000004,-8.653805416557567e-05,-0.08653805416557568,5.351796815395476e-05,-4.488969235515105e-05
26.850000000000005,-4.5511727370048e-05,-0.045511727370048,3.343476010394192e-05,-6.247802039221287e-06
26.900000000000006,-8.593495878781038e-06,-0.008593495878781037,1.2719426018460942e-05,2.8974089266453537e-05
26.950000000000006,-2.290391218644678e-05,-0.02290391218644678,-8.035735232155059e-06,5.0400057360321264e-05
27.000000000000004,-1.5902869005906515e-05,-0.015902869005906515,-2.8222660655733094e-05,5.173802490031193e-05
27.050000000000004,-1.861286137727605e-05,-0.01861286137727605,-4.723666978352815e-05,3.241276146634933e-05
27.100000000000005,-8.268298677036349e-05,-0.0826829867703635,-6.449579258743276e-05,-2.4016201128312757e-06
27.150000000000006,-0.00019898870056635518,-0.19898870056635518,-7.945963536708459e-05,-4.331705977592526e-05
27.200000000000006,-0.0002635388618731124,-0.2635388618731124,-9.16471524858542e-05,-7.935872935896276e-05
27.250000000000004,-0.00031252049875368586,-0.31252049875368587,-0.00010065272455642077,-0.00010091503812890892
27.300000000000004,-0.0002829382541150736,-0.2829382541150736,-0.00010615999686972545,-0.00010218243869521041
27.350000000000005,-0.00017056260544436944,-0.17056260544436944,-0.00010795300375234764,-8.246179458408837e-05
27.400000000000006,-2.965552529818861e-07,-0.0002965552529818861,-0.00010592419271081487,-4.602681113930495e-05
27.450000000000006,-1.5361482122107236e-05,-0.015361482122107235,-0.000100079063701497,-7.098271039531849e-07
27.500000000000004,-4.439133556192856e-05,-0.04439133556192856,-9.05372502189386e-05,4.4296064765855104e-05
27.550000000000004,-4.8934542019106724e-05,-0.04893454201910673,-7.752998635220266e-05,8.074088297887791e-05
27.600000000000005,-3.0326589514154093e-05,-0.030326589514154092,-6.139402353732208e-05,0.00010308924684548089
27.650000000000006,5.2660557206021775e-05,0.05266055720602177,-4.2562178381223756e-05,0.00010934937827413668
27.700000000000006,0.00016722773585537345,0.16722773585537345,-2.1550804662263797e-05,0.00010087836782776268
27.750000000000004,0.00018201047863669565,0.18201047863669564,1.0554153579208267e-06,8.139696568649526e-05
27.800000000000004,0.00017014873388206114,0.17014873388206114,2.4620876296875955e-05,5.564609430962556e-05
27.850000000000005,0.00010085514468592922,0.10085514468592922,4.847809494281793e-05,2.8147158030577865e-05
27.900000000000006,5.578589385339733e-05,0.05578589385339733,7.194778459348977e-05,2.3990025584757526e-06
27.950000000000006,-3.533813692055404e-05,-0.03533813692055404,9.435931382882676e-05,-1.9378227172207284e-05
28.000000000000004,-4.978531101467574e-06,-0.004978531101467574,0.00011507089288947837,-3.606422479845983e-05
28.050000000000004,1.102897375980007e-07,0.0001102897375980007,0.0001334888405157597,-4.727313669235989e-05
28.100000000000005,-4.942077505659938e-06,-0.004942077505659938,0.00014908531531530466,-5.305692558028472e-05
28.150000000000006,-3.884591803406838e-05,-0.03884591803406838,0.00016141394737581387,-5.3821622857881095e-05
28.200000000000006,-3.8341886892639384e-06,-0.0038341886892639386,0.00017012287613331548,-5.043232991211645e-05
28.250000000000004,-3.355764354627197e-05,-0.03355764354627197,0.0001749647870289373,-4.434050297027158e-05
28.300000000000004,-2.2262904970899006e-06,-0.0022262904970899006,0.00017580363927651124,-3.752067600710737e-05
28.350000000000005,-1.7194166930841093e-05,-0.017194166930841092,0.00017261788671599988,-3.208008905182062e-05
28.400000000000006,-5.538992534391008e-05,-0.05538992534391008,0.00016550010951647554,-2.9574558263110244e-05
28.450000000000006,-5.067592157402919e-05,-0.05067592157402919,0.00015465309249460273,-3.025271992431447e-05
28.500000000000004,-8.392000465055767e-05,-0.08392000465055767,0.0001403825020471415,-3.256830739457962e-05
28.550000000000004,-6.51195164358655e-05,-0.0651195164358655,0.00012308642425171008,-3.327867787629784e-05
28.600000000000005,-6.206485028610148e-05,-0.06206485028610148,0.00010324212787103231,-2.8273292816323084e-05
28.650000000000006,-1.0898851731636586e-05,-0.010898851731636586,8.13905044392624e-05,-1.3998914534668663e-05
28.700000000000006,4.16990623940998e-06,0.00416990623940998,5.811871040054742e-05,1.0930231102212683e-05
28.750000000000004,7.805132040298672e-05,0.07805132040298672,3.40415910421352e-05,4.451417991347466e-05
28.800000000000004,0.00010854472665006218,0.10854472665006218,9.78250097461593e-06,8.108512181516111e-05
28.850000000000005,0.00017375324401949354,0.17375324401949355,-1.4045849900134597e-05,0.00011225853476352915
28.900000000000006,0.00014232744345891025,0.14232744345891024,-3.685990297242644e-05,0.0001290167389161787
28.950000000000006,8.803085201601922e-05,0.08803085201601922,-5.812251586805343e-05,0.00012440397621983734
29.000000000000004,6.481996384153286e-05,0.06481996384153287,-7.735843903390952e-05,9.60208439917988e-05
29.050000000000004,5.448587378203352e-05,0.05448587378203352,-9.416752267658324e-05,4.7463018938842535e-05
29.100000000000005,-9.466047502107859e-05,-0.09466047502107859,-0.00010823525379393544,-1.1903447660893231e-05
29.150000000000006,-0.00016204150908453733,-0.16204150908453732,-0.00011934031679919624,-6.895762827964509e-05
29.200000000000006,-0.00019376679660243452,-0.1937667966024345,-0.00012735897443931838,-0.00011018741423668932
29.250000000000004,-0.00016708302855827223,-0.16708302855827223,-0.00013226617476560685,-0.00012548445112625173
29.300000000000004,-0.0002211017216586009,-0.2211017216586009,-0.000134133401060568,-0.00011124001227239954
29.350000000000005,-0.0002455743024144644,-0.24557430241446437,-0.0001331233910508501,-7.174694729159994e-05
29.400000000000006,-0.0001966652239065437,-0.1966652239065437,-0.00012948195571875845,-1.837352784445982e-05
29.450000000000006,-0.00019644677270409602,-0.19644677270409602,-0.00012352722305491415,3.337084727709093e-05
29.500000000000004,-0.0003023602783241412,-0.3023602783241412,-0.00011563671499680994,6.811072608147254e-05
29.550000000000004,-0.00026672364903793436,-0.2667236490379344,-0.00010623273383818914,7.501712037093845e-05
29.600000000000005,-0.0003174298748004081,-0.3174298748004081,-9.576658537108866e-05,5.1072001217308e-05
29.650000000000006,-0.000341801992822166,-0.341801992822166,-8.4702198340228e-05,2.2040420737834238e-06
29.700000000000006,-0.00023524913539522366,-0.23524913539522366,-7.349971250896556e-05,-5.808153800387589e-05
29.750000000000004,-0.0002849704018836777,-0.2849704018836777,-6.259960050272181e-05,-0.00011223502845223197
29.800000000000004,-0.0003432065849068698,-0.34320658490686984,-5.24078620438512e-05,-0.00014339028952470322
29.850000000000005,-0.0003998181072863007,-0.3998181072863007,-4.3282784324685836e-05,-0.0001399843508943885
29.900000000000006,-0.0004401070013109353,-0.44010700131093533,-3.552370081220914e-05,-9.900360962843619e-05
29.950000000000006,-0.00044879186164520064,-0.44879186164520063,-2.936210502949664e-05,-2.6988373931210834e-05
